label	scenario	in_len	out_len	prompts	conc	req_s	out_tok_s	total_tok_s	ttft_ms	tpot_ms	p99_tpot_ms
deepseek-v4-flash_sglang_4gpu	conc-scaling	1024	128	4	1	0.98	125.66	1134.84	177.95	6.62	6.62
deepseek-v4-flash_sglang_4gpu	conc-scaling	1024	128	16	4	2.95	377.76	3411.67	353.88	7.88	7.98
deepseek-v4-flash_sglang_4gpu	conc-scaling	1024	128	64	16	7.65	979.63	8847.32	614.84	11.61	14.29
deepseek-v4-flash_sglang_4gpu	conc-scaling	1024	128	128	32	12.16	1557.04	14062.03	727.04	14.97	20.11
deepseek-v4-flash_sglang_4gpu	conc-scaling	1024	128	256	64	14.08	1801.91	16273.45	1555.34	23.53	32.55
deepseek-v4-flash_sglang_4gpu	conc-scaling	1024	128	512	128	17.38	2224.50	20090.02	2545.56	37.91	53.16
deepseek-v4-flash_sglang_4gpu	prefill	1024	32	16	8	9.63	308.04	10203.80	544.29	9.22	15.02
deepseek-v4-flash_sglang_4gpu	prefill	4096	32	16	8	6.79	217.43	28075.96	786.26	12.58	24.21
deepseek-v4-flash_sglang_4gpu	prefill	16384	32	16	8	1.82	58.29	29912.20	2594.67	57.90	122.56
deepseek-v4-flash_sglang_4gpu	decode	256	128	16	8	5.40	690.94	2094.41	355.77	8.86	8.97
deepseek-v4-flash_sglang_4gpu	decode	256	512	16	8	1.55	791.79	1193.87	360.42	9.42	9.46
deepseek-v4-flash_sglang_4gpu	decode	256	1024	16	8	0.79	805.73	1010.32	355.98	9.59	9.63
